method,budget,language,split,n,valid,cues,fallback_count,feasible,f1_micro,f1_macro,f1_macro_all,safe_samples,protected_breaks,protected_total,overlong,short,punctuation_starts,latency_median_s,input_tokens,output_tokens
H1_reward_0.5,default,ALL,ALL,65,65,707,41,65,0.8466165413533835,0.8466802887963205,0.8466802887963205,61,3,218,0,6,1,10.854561792002642,0,0
H1_reward_0.5,default,ALL,development,13,13,131,8,13,0.8,0.8037069076509109,0.8037069076509109,13,0,48,0,2,0,10.854561792002642,0,0
H1_reward_0.5,default,ALL,evaluation,52,52,576,33,52,0.8579439252336448,0.857423634082673,0.8574236340826731,48,3,170,0,4,1,10.668770625499747,0,0
H1_reward_0.5,default,de,ALL,5,5,54,4,5,0.8514851485148515,0.8488995215311005,0.8488995215311004,5,0,16,0,1,0,9.981059332996665,0,0
H1_reward_0.5,default,de,development,1,1,9,1,1,0.5263157894736842,0.5263157894736842,0.5263157894736842,1,0,3,0,0,0,13.956607249994704,0,0
H1_reward_0.5,default,de,evaluation,4,4,45,3,4,0.926829268292683,0.9295454545454546,0.9295454545454546,4,0,13,0,1,0,8.304939812496741,0,0
H1_reward_0.5,default,en,ALL,20,20,195,8,20,0.8707865168539326,0.8695562435500516,0.8695562435500518,20,0,62,0,2,0,9.704349687497597,0,0
H1_reward_0.5,default,en,development,4,4,38,0,4,0.9142857142857143,0.9150326797385621,0.9150326797385622,4,0,12,0,1,0,8.341581832999509,0,0
H1_reward_0.5,default,en,evaluation,16,16,157,8,16,0.8601398601398601,0.8581871345029239,0.858187134502924,16,0,50,0,1,0,10.293679312497261,0,0
H1_reward_0.5,default,es,ALL,5,5,57,3,5,0.8037383177570093,0.8033766233766234,0.8033766233766235,5,0,15,0,0,0,7.002031292002357,0,0
H1_reward_0.5,default,es,development,1,1,10,1,1,0.9,0.9,0.9,1,0,3,0,0,0,7.229531042001327,0,0
H1_reward_0.5,default,es,evaluation,4,4,47,2,4,0.7816091954022989,0.7792207792207793,0.7792207792207791,4,0,12,0,0,0,6.629446021001058,0,0
H1_reward_0.5,default,fr,ALL,5,5,56,2,5,0.8653846153846154,0.8618181818181818,0.8618181818181819,4,0,15,0,0,1,7.867451665995759,0,0
H1_reward_0.5,default,fr,development,1,1,10,1,1,0.7,0.7000000000000001,0.7000000000000001,1,0,3,0,0,0,15.543329874999472,0,0
H1_reward_0.5,default,fr,evaluation,4,4,46,1,4,0.9047619047619048,0.9022727272727273,0.9022727272727273,3,0,12,0,0,1,7.402135207998072,0,0
H1_reward_0.5,default,ja,ALL,5,5,57,3,5,0.6964285714285714,0.6945228684359119,0.6945228684359119,4,1,21,0,1,0,10.875628916997812,0,0
H1_reward_0.5,default,ja,development,1,1,11,0,1,0.7272727272727273,0.7272727272727272,0.7272727272727272,1,0,4,0,0,0,9.350151209000614,0,0
H1_reward_0.5,default,ja,evaluation,4,4,46,3,4,0.6888888888888889,0.6863354037267081,0.6863354037267081,3,1,17,0,1,0,11.284001208496193,0,0
H1_reward_0.5,default,pt-BR,ALL,5,5,57,3,5,0.8411214953271028,0.8382775119617225,0.8382775119617225,5,0,16,0,0,0,12.621734250002191,0,0
H1_reward_0.5,default,pt-BR,development,1,1,9,1,1,0.7368421052631579,0.7368421052631579,0.7368421052631579,1,0,3,0,0,0,12.621734250002191,0,0
H1_reward_0.5,default,pt-BR,evaluation,4,4,48,2,4,0.8636363636363636,0.8636363636363636,0.8636363636363636,4,0,13,0,0,0,11.477109104002011,0,0
H1_reward_0.5,default,zh-Hans,ALL,20,20,231,18,20,0.871331828442438,0.8704310182571052,0.8704310182571051,18,2,73,0,2,0,11.780636021001555,0,0
H1_reward_0.5,default,zh-Hans,development,4,4,44,4,4,0.8,0.7994071146245059,0.7994071146245059,4,0,20,0,1,0,12.767097021001973,0,0
H1_reward_0.5,default,zh-Hans,evaluation,16,16,187,14,16,0.8895184135977338,0.888186994165255,0.888186994165255,14,2,53,0,1,0,11.780636021001555,0,0
H1_reward_1.0,default,ALL,ALL,65,65,709,41,65,0.8408408408408409,0.841184449029381,0.8411844490293809,61,3,218,0,8,1,10.854561792002642,0,0
H1_reward_1.0,default,ALL,development,13,13,132,8,13,0.789272030651341,0.7922247836368176,0.7922247836368175,13,0,48,0,2,0,10.854561792002642,0,0
H1_reward_1.0,default,ALL,evaluation,52,52,577,33,52,0.8534080298786181,0.853424365377522,0.8534243653775219,48,3,170,0,6,1,10.668770625499747,0,0
H1_reward_1.0,default,de,ALL,5,5,54,4,5,0.8514851485148515,0.8488995215311005,0.8488995215311004,5,0,16,0,1,0,9.981059332996665,0,0
H1_reward_1.0,default,de,development,1,1,9,1,1,0.5263157894736842,0.5263157894736842,0.5263157894736842,1,0,3,0,0,0,13.956607249994704,0,0
H1_reward_1.0,default,de,evaluation,4,4,45,3,4,0.926829268292683,0.9295454545454546,0.9295454545454546,4,0,13,0,1,0,8.304939812496741,0,0
H1_reward_1.0,default,en,ALL,20,20,196,8,20,0.8627450980392157,0.8623667010663915,0.8623667010663917,20,0,62,0,4,0,9.704349687497597,0,0
H1_reward_1.0,default,en,development,4,4,38,0,4,0.8857142857142857,0.8856209150326797,0.8856209150326797,4,0,12,0,1,0,8.341581832999509,0,0
H1_reward_1.0,default,en,evaluation,16,16,158,8,16,0.8571428571428571,0.8565531475748194,0.8565531475748195,16,0,50,0,3,0,10.293679312497261,0,0
H1_reward_1.0,default,es,ALL,5,5,57,3,5,0.8037383177570093,0.8033766233766234,0.8033766233766235,5,0,15,0,0,0,7.002031292002357,0,0
H1_reward_1.0,default,es,development,1,1,10,1,1,0.9,0.9,0.9,1,0,3,0,0,0,7.229531042001327,0,0
H1_reward_1.0,default,es,evaluation,4,4,47,2,4,0.7816091954022989,0.7792207792207793,0.7792207792207791,4,0,12,0,0,0,6.629446021001058,0,0
H1_reward_1.0,default,fr,ALL,5,5,56,2,5,0.8653846153846154,0.8618181818181818,0.8618181818181819,4,0,15,0,0,1,7.867451665995759,0,0
H1_reward_1.0,default,fr,development,1,1,10,1,1,0.7,0.7000000000000001,0.7000000000000001,1,0,3,0,0,0,15.543329874999472,0,0
H1_reward_1.0,default,fr,evaluation,4,4,46,1,4,0.9047619047619048,0.9022727272727273,0.9022727272727273,3,0,12,0,0,1,7.402135207998072,0,0
H1_reward_1.0,default,ja,ALL,5,5,58,3,5,0.6902654867256637,0.6881987577639751,0.6881987577639752,4,1,21,0,1,0,10.875628916997812,0,0
H1_reward_1.0,default,ja,development,1,1,12,0,1,0.6956521739130435,0.6956521739130435,0.6956521739130435,1,0,4,0,0,0,9.350151209000614,0,0
H1_reward_1.0,default,ja,evaluation,4,4,46,3,4,0.6888888888888889,0.6863354037267081,0.6863354037267081,3,1,17,0,1,0,11.284001208496193,0,0
H1_reward_1.0,default,pt-BR,ALL,5,5,57,3,5,0.822429906542056,0.8200956937799043,0.8200956937799043,5,0,16,0,0,0,12.621734250002191,0,0
H1_reward_1.0,default,pt-BR,development,1,1,9,1,1,0.7368421052631579,0.7368421052631579,0.7368421052631579,1,0,3,0,0,0,12.621734250002191,0,0
H1_reward_1.0,default,pt-BR,evaluation,4,4,48,2,4,0.8409090909090909,0.8409090909090909,0.8409090909090909,4,0,13,0,0,0,11.477109104002011,0,0
H1_reward_1.0,default,zh-Hans,ALL,20,20,231,18,20,0.8668171557562077,0.8658855637116507,0.8658855637116506,18,2,73,0,2,0,11.780636021001555,0,0
H1_reward_1.0,default,zh-Hans,development,4,4,44,4,4,0.8,0.7994071146245059,0.7994071146245059,4,0,20,0,1,0,12.767097021001973,0,0
H1_reward_1.0,default,zh-Hans,evaluation,16,16,187,14,16,0.8838526912181303,0.8825051759834368,0.8825051759834368,14,2,53,0,1,0,11.780636021001555,0,0
H1_reward_1.5,default,ALL,ALL,65,65,709,41,65,0.8363363363363363,0.836838769133829,0.8368387691338289,62,3,218,0,9,0,10.854561792002642,0,0
H1_reward_1.5,default,ALL,development,13,13,132,8,13,0.7816091954022989,0.7831750098811614,0.7831750098811614,13,0,48,0,3,0,10.854561792002642,0,0
H1_reward_1.5,default,ALL,evaluation,52,52,577,33,52,0.8496732026143791,0.850254708946996,0.8502547089469957,49,3,170,0,6,0,10.668770625499747,0,0
H1_reward_1.5,default,de,ALL,5,5,54,4,5,0.8514851485148515,0.8488995215311005,0.8488995215311004,5,0,16,0,1,0,9.981059332996665,0,0
H1_reward_1.5,default,de,development,1,1,9,1,1,0.5263157894736842,0.5263157894736842,0.5263157894736842,1,0,3,0,0,0,13.956607249994704,0,0
H1_reward_1.5,default,de,evaluation,4,4,45,3,4,0.926829268292683,0.9295454545454546,0.9295454545454546,4,0,13,0,1,0,8.304939812496741,0,0
H1_reward_1.5,default,en,ALL,20,20,196,8,20,0.8571428571428571,0.856484348125215,0.8564843481252152,20,0,62,0,5,0,9.704349687497597,0,0
H1_reward_1.5,default,en,development,4,4,38,0,4,0.8571428571428571,0.8562091503267975,0.8562091503267975,4,0,12,0,2,0,8.341581832999509,0,0
H1_reward_1.5,default,en,evaluation,16,16,158,8,16,0.8571428571428571,0.8565531475748194,0.8565531475748195,16,0,50,0,3,0,10.293679312497261,0,0
H1_reward_1.5,default,es,ALL,5,5,57,3,5,0.8037383177570093,0.8033766233766234,0.8033766233766235,5,0,15,0,0,0,7.002031292002357,0,0
H1_reward_1.5,default,es,development,1,1,10,1,1,0.9,0.9,0.9,1,0,3,0,0,0,7.229531042001327,0,0
H1_reward_1.5,default,es,evaluation,4,4,47,2,4,0.7816091954022989,0.7792207792207793,0.7792207792207791,4,0,12,0,0,0,6.629446021001058,0,0
H1_reward_1.5,default,fr,ALL,5,5,56,2,5,0.8846153846153846,0.8818181818181818,0.8818181818181818,5,0,15,0,0,0,7.867451665995759,0,0
H1_reward_1.5,default,fr,development,1,1,10,1,1,0.7,0.7000000000000001,0.7000000000000001,1,0,3,0,0,0,15.543329874999472,0,0
H1_reward_1.5,default,fr,evaluation,4,4,46,1,4,0.9285714285714286,0.9272727272727272,0.9272727272727272,4,0,12,0,0,0,7.402135207998072,0,0
H1_reward_1.5,default,ja,ALL,5,5,58,3,5,0.6548672566371682,0.653416149068323,0.653416149068323,4,1,21,0,1,0,10.875628916997812,0,0
H1_reward_1.5,default,ja,development,1,1,12,0,1,0.6956521739130435,0.6956521739130435,0.6956521739130435,1,0,4,0,0,0,9.350151209000614,0,0
H1_reward_1.5,default,ja,evaluation,4,4,46,3,4,0.6444444444444445,0.6428571428571429,0.6428571428571429,3,1,17,0,1,0,11.284001208496193,0,0
H1_reward_1.5,default,pt-BR,ALL,5,5,57,3,5,0.822429906542056,0.8200956937799043,0.8200956937799043,5,0,16,0,0,0,12.621734250002191,0,0
H1_reward_1.5,default,pt-BR,development,1,1,9,1,1,0.7368421052631579,0.7368421052631579,0.7368421052631579,1,0,3,0,0,0,12.621734250002191,0,0
H1_reward_1.5,default,pt-BR,evaluation,4,4,48,2,4,0.8409090909090909,0.8409090909090909,0.8409090909090909,4,0,13,0,0,0,11.477109104002011,0,0
H1_reward_1.5,default,zh-Hans,ALL,20,20,231,18,20,0.8623024830699775,0.8613401091661961,0.8613401091661961,18,2,73,0,2,0,11.780636021001555,0,0
H1_reward_1.5,default,zh-Hans,development,4,4,44,4,4,0.8,0.7994071146245059,0.7994071146245059,4,0,20,0,1,0,12.767097021001973,0,0
H1_reward_1.5,default,zh-Hans,evaluation,16,16,187,14,16,0.8781869688385269,0.8768233578016187,0.8768233578016187,14,2,53,0,1,0,11.780636021001555,0,0
H1_text_dp,default,ALL,ALL,65,65,711,41,65,0.8320839580209896,0.8330686262332514,0.8330686262332513,62,3,218,0,10,0,10.854561792002642,0,0
H1_text_dp,default,ALL,development,13,13,132,8,13,0.7816091954022989,0.7831750098811614,0.7831750098811614,13,0,48,0,3,0,10.854561792002642,0,0
H1_text_dp,default,ALL,evaluation,52,52,579,33,52,0.8443616029822927,0.8455420303212738,0.8455420303212737,49,3,170,0,7,0,10.668770625499747,0,0
H1_text_dp,default,de,ALL,5,5,54,4,5,0.8514851485148515,0.8488995215311005,0.8488995215311004,5,0,16,0,1,0,9.981059332996665,0,0
H1_text_dp,default,de,development,1,1,9,1,1,0.5263157894736842,0.5263157894736842,0.5263157894736842,1,0,3,0,0,0,13.956607249994704,0,0
H1_text_dp,default,de,evaluation,4,4,45,3,4,0.926829268292683,0.9295454545454546,0.9295454545454546,4,0,13,0,1,0,8.304939812496741,0,0
H1_text_dp,default,en,ALL,20,20,196,8,20,0.8571428571428571,0.856484348125215,0.8564843481252152,20,0,62,0,5,0,9.704349687497597,0,0
H1_text_dp,default,en,development,4,4,38,0,4,0.8571428571428571,0.8562091503267975,0.8562091503267975,4,0,12,0,2,0,8.341581832999509,0,0
H1_text_dp,default,en,evaluation,16,16,158,8,16,0.8571428571428571,0.8565531475748194,0.8565531475748195,16,0,50,0,3,0,10.293679312497261,0,0
H1_text_dp,default,es,ALL,5,5,57,3,5,0.8037383177570093,0.8033766233766234,0.8033766233766235,5,0,15,0,0,0,7.002031292002357,0,0
H1_text_dp,default,es,development,1,1,10,1,1,0.9,0.9,0.9,1,0,3,0,0,0,7.229531042001327,0,0
H1_text_dp,default,es,evaluation,4,4,47,2,4,0.7816091954022989,0.7792207792207793,0.7792207792207791,4,0,12,0,0,0,6.629446021001058,0,0
H1_text_dp,default,fr,ALL,5,5,56,2,5,0.8846153846153846,0.8818181818181818,0.8818181818181818,5,0,15,0,0,0,7.867451665995759,0,0
H1_text_dp,default,fr,development,1,1,10,1,1,0.7,0.7000000000000001,0.7000000000000001,1,0,3,0,0,0,15.543329874999472,0,0
H1_text_dp,default,fr,evaluation,4,4,46,1,4,0.9285714285714286,0.9272727272727272,0.9272727272727272,4,0,12,0,0,0,7.402135207998072,0,0
H1_text_dp,default,ja,ALL,5,5,58,3,5,0.6548672566371682,0.653416149068323,0.653416149068323,4,1,21,0,1,0,10.875628916997812,0,0
H1_text_dp,default,ja,development,1,1,12,0,1,0.6956521739130435,0.6956521739130435,0.6956521739130435,1,0,4,0,0,0,9.350151209000614,0,0
H1_text_dp,default,ja,evaluation,4,4,46,3,4,0.6444444444444445,0.6428571428571429,0.6428571428571429,3,1,17,0,1,0,11.284001208496193,0,0
H1_text_dp,default,pt-BR,ALL,5,5,58,3,5,0.7962962962962963,0.7940087372581651,0.7940087372581652,5,0,16,0,1,0,12.621734250002191,0,0
H1_text_dp,default,pt-BR,development,1,1,9,1,1,0.7368421052631579,0.7368421052631579,0.7368421052631579,1,0,3,0,0,0,12.621734250002191,0,0
H1_text_dp,default,pt-BR,evaluation,4,4,49,2,4,0.8089887640449438,0.808300395256917,0.808300395256917,4,0,13,0,1,0,11.477109104002011,0,0
H1_text_dp,default,zh-Hans,ALL,20,20,232,18,20,0.8558558558558559,0.8556088838697534,0.8556088838697533,18,2,73,0,2,0,11.780636021001555,0,0
H1_text_dp,default,zh-Hans,development,4,4,44,4,4,0.8,0.7994071146245059,0.7994071146245059,4,0,20,0,1,0,12.767097021001973,0,0
H1_text_dp,default,zh-Hans,evaluation,16,16,188,14,16,0.8700564971751412,0.8696593261810653,0.8696593261810653,14,2,53,0,1,0,11.780636021001555,0,0
L1_semantic,default,ALL,ALL,65,24,239,0,15,0.756043956043956,0.754510307763185,0.2785884213279452,15,2,76,26,8,1,10.854561792002642,28912,124467
L1_semantic,default,ALL,development,13,5,43,0,3,0.7209302325581395,0.7158496732026144,0.27532679738562094,3,0,16,7,2,0,10.854561792002642,5724,24279
L1_semantic,default,ALL,evaluation,52,19,196,0,12,0.7642276422764228,0.7646841589633352,0.2794038273135263,12,2,60,19,6,1,10.668770625499747,23188,100188
L1_semantic,default,de,ALL,5,1,11,0,1,0.9,0.9,0.18,1,0,3,0,0,0,9.981059332996665,2195,9795
L1_semantic,default,de,development,1,0,0,0,0,0,0,0.0,0,0,0,0,0,0,13.956607249994704,434,2850
L1_semantic,default,de,evaluation,4,1,11,0,1,0.9,0.9,0.225,1,0,3,0,0,0,8.304939812496741,1761,6945
L1_semantic,default,en,ALL,20,12,106,0,8,0.8118811881188119,0.8015057518733989,0.48090345112403937,8,1,37,12,4,0,9.704349687497597,8490,35748
L1_semantic,default,en,development,4,4,37,0,3,0.8405797101449275,0.8359885620915033,0.8359885620915033,3,0,12,1,2,0,8.341581832999509,1678,5553
L1_semantic,default,en,evaluation,16,8,69,0,5,0.7969924812030075,0.7842643467643468,0.3921321733821734,5,1,25,11,2,0,10.293679312497261,6812,30195
L1_semantic,default,es,ALL,5,2,24,0,1,0.8181818181818182,0.8181818181818181,0.32727272727272727,1,0,6,1,1,0,7.002031292002357,2219,7942
L1_semantic,default,es,development,1,0,0,0,0,0,0,0.0,0,0,0,0,0,0,7.229531042001327,431,1437
L1_semantic,default,es,evaluation,4,2,24,0,1,0.8181818181818182,0.8181818181818181,0.40909090909090906,1,0,6,1,1,0,6.629446021001058,1788,6505
L1_semantic,default,fr,ALL,5,3,29,0,1,0.8620689655172413,0.8427128427128426,0.5056277056277055,1,0,9,6,0,0,7.867451665995759,2224,8771
L1_semantic,default,fr,development,1,0,0,0,0,0,0,0.0,0,0,0,0,0,0,15.543329874999472,437,2736
L1_semantic,default,fr,evaluation,4,3,29,0,1,0.8620689655172413,0.8427128427128426,0.632034632034632,1,0,9,6,0,0,7.402135207998072,1787,6035
L1_semantic,default,ja,ALL,5,2,18,0,1,0.45,0.421994884910486,0.1687979539641944,1,0,8,6,1,0,10.875628916997812,2334,9847
L1_semantic,default,ja,development,1,1,6,0,0,0.23529411764705882,0.23529411764705882,0.23529411764705882,0,0,4,6,0,0,9.350151209000614,467,1422
L1_semantic,default,ja,evaluation,4,1,12,0,1,0.6086956521739131,0.6086956521739131,0.15217391304347827,1,0,4,0,1,0,11.284001208496193,1867,8425
L1_semantic,default,pt-BR,ALL,5,2,25,0,2,0.7555555555555555,0.7529644268774703,0.3011857707509881,2,0,6,0,1,0,12.621734250002191,2267,10549
L1_semantic,default,pt-BR,development,1,0,0,0,0,0,0,0.0,0,0,0,0,0,0,12.621734250002191,442,2097
L1_semantic,default,pt-BR,evaluation,4,2,25,0,2,0.7555555555555555,0.7529644268774703,0.37648221343873517,2,0,6,0,1,0,11.477109104002011,1825,8452
L1_semantic,default,zh-Hans,ALL,20,2,26,0,1,0.5217391304347826,0.5378787878787878,0.05378787878787879,1,1,7,1,1,1,11.780636021001555,9183,41815
L1_semantic,default,zh-Hans,development,4,0,0,0,0,0,0,0.0,0,0,0,0,0,0,12.767097021001973,1835,8184
L1_semantic,default,zh-Hans,evaluation,16,2,26,0,1,0.5217391304347826,0.5378787878787878,0.06723484848484848,1,1,7,1,1,1,11.780636021001555,7348,33631
R0_swift,default,ALL,ALL,65,49,450,0,49,0.36461704422869473,0.36688984320089396,0.2765784971822124,27,22,167,0,1,5,0.012612083,0,0
R0_swift,default,ALL,development,13,11,96,0,11,0.37681159420289856,0.37861097607086913,0.3203631335984277,7,4,42,0,0,1,0.011147334,0,0
R0_swift,default,ALL,evaluation,52,38,354,0,38,0.3611111111111111,0.3634968836859011,0.26563233807815856,20,18,125,0,1,4,0.012730416500000001,0,0
R0_swift,default,de,ALL,5,3,27,0,3,0.2857142857142857,0.2826510721247563,0.1695906432748538,2,2,9,0,0,0,0.012384375,0,0
R0_swift,default,de,development,1,1,8,0,1,0.1111111111111111,0.1111111111111111,0.1111111111111111,1,0,3,0,0,0,0.009034959,0,0
R0_swift,default,de,evaluation,4,2,19,0,2,0.3684210526315789,0.368421052631579,0.1842105263157895,1,2,6,0,0,0,0.012498229,0,0
R0_swift,default,en,ALL,20,15,126,0,15,0.4291497975708502,0.425479302832244,0.319109477124183,11,4,46,0,1,0,0.010284063,0,0
R0_swift,default,en,development,4,3,24,0,3,0.5,0.4936274509803922,0.37022058823529413,2,1,9,0,0,0,0.012110958500000001,0,0
R0_swift,default,en,evaluation,16,12,102,0,12,0.4120603015075377,0.408442265795207,0.3063316993464052,9,3,37,0,1,0,0.0098549585,0,0
R0_swift,default,es,ALL,5,3,28,0,3,0.3448275862068966,0.34074074074074073,0.20444444444444443,1,2,9,0,0,0,0.012975916,0,0
R0_swift,default,es,development,1,1,8,0,1,0.2222222222222222,0.2222222222222222,0.2222222222222222,0,1,3,0,0,0,0.008081208,0,0
R0_swift,default,es,evaluation,4,2,20,0,2,0.4,0.4,0.2,1,1,6,0,0,0,0.0140434375,0,0
R0_swift,default,fr,ALL,5,0,0,0,0,0,0,0.0,0,0,0,0,0,0,0.016084125,0,0
R0_swift,default,fr,development,1,0,0,0,0,0,0,0.0,0,0,0,0,0,0,0.011018292,0,0
R0_swift,default,fr,evaluation,4,0,0,0,0,0,0,0.0,0,0,0,0,0,0,0.0174800625,0,0
R0_swift,default,ja,ALL,5,5,51,0,5,0.24528301886792453,0.24502164502164503,0.24502164502164506,2,3,21,0,0,1,0.018283583,0,0
R0_swift,default,ja,development,1,1,10,0,1,0.2857142857142857,0.28571428571428575,0.28571428571428575,1,0,4,0,0,0,0.015119375,0,0
R0_swift,default,ja,evaluation,4,4,41,0,4,0.23529411764705882,0.23484848484848486,0.23484848484848486,1,3,17,0,0,1,0.0183519375,0,0
R0_swift,default,pt-BR,ALL,5,3,29,0,3,0.3728813559322034,0.3767195767195767,0.22603174603174597,1,1,9,0,0,1,0.016111167,0,0
R0_swift,default,pt-BR,development,1,1,8,0,1,0.4444444444444444,0.4444444444444444,0.4444444444444444,1,0,3,0,0,0,0.008419791999999999,0,0
R0_swift,default,pt-BR,evaluation,4,2,21,0,2,0.34146341463414637,0.3428571428571428,0.1714285714285714,0,1,6,0,0,1,0.016918416999999998,0,0
R0_swift,default,zh-Hans,ALL,20,20,189,0,20,0.3690773067331671,0.3684985190248348,0.3684985190248348,10,10,73,0,0,3,0.0134471665,0,0
R0_swift,default,zh-Hans,development,4,4,38,0,4,0.40476190476190477,0.4050865800865801,0.4050865800865801,2,2,20,0,0,1,0.012423771,0,0
R0_swift,default,zh-Hans,evaluation,16,16,151,0,16,0.35962145110410093,0.3593515037593985,0.3593515037593985,8,8,53,0,0,2,0.0134471665,0,0
R0_swift,wide,ALL,ALL,65,48,336,0,48,0.32378580323785805,0.32878279235670876,0.2427934466634157,37,11,164,0,0,2,0.009799584,0,0
R0_swift,wide,ALL,development,13,11,74,0,11,0.3027027027027027,0.3122821536908224,0.2642387454306959,9,1,42,0,0,1,0.008964625,0,0
R0_swift,wide,ALL,evaluation,52,37,262,0,37,0.3300970873786408,0.33368838763575603,0.2374321219715957,28,10,122,0,0,1,0.010446958000000001,0,0
R0_swift,wide,de,ALL,5,3,21,0,3,0.36,0.35784313725490197,0.21470588235294122,3,0,9,0,0,0,0.010705083,0,0
R0_swift,wide,de,development,1,1,6,0,1,0.25,0.25000000000000006,0.25000000000000006,1,0,3,0,0,0,0.0071039580000000005,0,0
R0_swift,wide,de,evaluation,4,2,15,0,2,0.4117647058823529,0.4117647058823529,0.20588235294117646,2,0,6,0,0,0,0.010785062500000001,0,0
R0_swift,wide,en,ALL,20,15,99,0,15,0.37272727272727274,0.37396825396825395,0.28047619047619043,13,2,46,0,0,0,0.008472958,0,0
R0_swift,wide,en,development,4,3,18,0,3,0.42857142857142855,0.42857142857142855,0.3214285714285714,3,0,9,0,0,0,0.009106479,0,0
R0_swift,wide,en,evaluation,16,12,81,0,12,0.3595505617977528,0.3603174603174603,0.2702380952380952,10,2,37,0,0,0,0.0084089795,0,0
R0_swift,wide,es,ALL,5,3,21,0,3,0.35294117647058826,0.3537581699346405,0.21225490196078428,3,0,9,0,0,0,0.010853833,0,0
R0_swift,wide,es,development,1,1,6,0,1,0.375,0.37499999999999994,0.37499999999999994,1,0,3,0,0,0,0.0073355,0,0
R0_swift,wide,es,evaluation,4,2,15,0,2,0.34285714285714286,0.34313725490196073,0.17156862745098037,2,0,6,0,0,0,0.01146925,0,0
R0_swift,wide,fr,ALL,5,0,0,0,0,0,0,0.0,0,0,0,0,0,0,0.012939958000000001,0,0
R0_swift,wide,fr,development,1,0,0,0,0,0,0,0.0,0,0,0,0,0,0,0.008964625,0,0
R0_swift,wide,fr,evaluation,4,0,0,0,0,0,0,0.0,0,0,0,0,0,0,0.013477687,0,0
R0_swift,wide,ja,ALL,5,5,38,0,5,0.15053763440860216,0.15087719298245614,0.1508771929824561,1,4,21,0,0,1,0.013921875,0,0
R0_swift,wide,ja,development,1,1,7,0,1,0.2222222222222222,0.2222222222222222,0.2222222222222222,0,0,4,0,0,1,0.011348542,0,0
R0_swift,wide,ja,evaluation,4,4,31,0,4,0.13333333333333333,0.13304093567251463,0.13304093567251463,1,4,17,0,0,0,0.013954417,0,0
R0_swift,wide,pt-BR,ALL,5,2,15,0,2,0.34285714285714286,0.3464052287581699,0.13856209150326798,2,0,6,0,0,0,0.012539375,0,0
R0_swift,wide,pt-BR,development,1,1,7,0,1,0.47058823529411764,0.4705882352941177,0.4705882352941177,1,0,3,0,0,0,0.008467083,0,0
R0_swift,wide,pt-BR,evaluation,4,1,8,0,1,0.2222222222222222,0.2222222222222222,0.05555555555555555,1,0,3,0,0,0,0.0133559165,0,0
R0_swift,wide,zh-Hans,ALL,20,20,142,0,20,0.327683615819209,0.32950249398004816,0.32950249398004816,15,5,73,0,0,1,0.010524875000000001,0,0
R0_swift,wide,zh-Hans,development,4,4,30,0,4,0.21052631578947367,0.20789473684210527,0.20789473684210527,3,1,20,0,0,0,0.010458812500000001,0,0
R0_swift,wide,zh-Hans,evaluation,16,16,112,0,16,0.3597122302158273,0.35990443326453386,0.3599044332645339,12,4,53,0,0,1,0.010524875000000001,0,0
R1_dp,default,ALL,ALL,65,65,702,0,65,0.8271698113207547,0.8260129368246207,0.8260129368246206,59,5,218,0,3,1,0.0008710420006536879,0,0
R1_dp,default,ALL,development,13,13,129,0,13,0.7596899224806202,0.7574525084553352,0.7574525084553353,12,1,48,0,1,0,0.0008237500005634502,0,0
R1_dp,default,ALL,evaluation,52,52,573,0,52,0.8434864104967198,0.8431530439169421,0.843153043916942,47,4,170,0,2,1,0.0008739789991523139,0,0
R1_dp,default,de,ALL,5,5,54,0,5,0.8712871287128713,0.8688995215311005,0.8688995215311005,5,0,16,0,1,0,0.0008029579985304736,0,0
R1_dp,default,de,development,1,1,9,0,1,0.5263157894736842,0.5263157894736842,0.5263157894736842,1,0,3,0,0,0,0.0006669170034001581,0,0
R1_dp,default,de,evaluation,4,4,45,0,4,0.9512195121951219,0.9545454545454546,0.9545454545454546,4,0,13,0,1,0,0.0008075000005192123,0,0
R1_dp,default,en,ALL,20,20,192,0,20,0.8271954674220963,0.8251117991056072,0.8251117991056074,18,2,62,0,0,0,0.0007931664986244868,0,0
R1_dp,default,en,development,4,4,36,0,4,0.7647058823529411,0.7647058823529412,0.7647058823529412,3,1,12,0,0,0,0.0007098960013536271,0,0
R1_dp,default,en,evaluation,16,16,156,0,16,0.8421052631578947,0.8402132782937737,0.8402132782937738,15,1,50,0,0,0,0.0007976874985615723,0,0
R1_dp,default,es,ALL,5,5,57,0,5,0.8037383177570093,0.8033766233766234,0.8033766233766235,5,0,15,0,0,0,0.0008454170019831508,0,0
R1_dp,default,es,development,1,1,10,0,1,0.9,0.9,0.9,1,0,3,0,0,0,0.0007732499943813309,0,0
R1_dp,default,es,evaluation,4,4,47,0,4,0.7816091954022989,0.7792207792207793,0.7792207792207791,4,0,12,0,0,0,0.0008797920017968863,0,0
R1_dp,default,fr,ALL,5,5,55,0,5,0.7961165048543689,0.796883116883117,0.796883116883117,4,0,15,0,0,1,0.000803707996965386,0,0
R1_dp,default,fr,development,1,1,10,0,1,0.7,0.7000000000000001,0.7000000000000001,1,0,3,0,0,0,0.000803707996965386,0,0
R1_dp,default,fr,evaluation,4,4,45,0,4,0.8192771084337349,0.8211038961038961,0.8211038961038962,3,0,12,0,0,1,0.001000625499727903,0,0
R1_dp,default,ja,ALL,5,5,57,0,5,0.6785714285714286,0.6771315640880858,0.6771315640880858,4,1,21,0,0,0,0.0010724160019890405,0,0
R1_dp,default,ja,development,1,1,11,0,1,0.7272727272727273,0.7272727272727272,0.7272727272727272,1,0,4,0,0,0,0.0009187079995172098,0,0
R1_dp,default,ja,evaluation,4,4,46,0,4,0.6666666666666666,0.6645962732919255,0.6645962732919255,3,1,17,0,0,0,0.0011127500001748558,0,0
R1_dp,default,pt-BR,ALL,5,5,57,0,5,0.822429906542056,0.8200956937799043,0.8200956937799043,5,0,16,0,0,0,0.0009615419985493645,0,0
R1_dp,default,pt-BR,development,1,1,9,0,1,0.7368421052631579,0.7368421052631579,0.7368421052631579,1,0,3,0,0,0,0.0008237500005634502,0,0
R1_dp,default,pt-BR,evaluation,4,4,48,0,4,0.8409090909090909,0.8409090909090909,0.8409090909090909,4,0,13,0,0,0,0.0009629794985812623,0,0
R1_dp,default,zh-Hans,ALL,20,20,230,0,20,0.8687782805429864,0.8678336156597026,0.8678336156597026,18,2,73,0,2,0,0.0009667914964666124,0,0
R1_dp,default,zh-Hans,development,4,4,44,0,4,0.8,0.7994071146245059,0.7994071146245059,4,0,20,0,1,0,0.0009678330025053583,0,0
R1_dp,default,zh-Hans,evaluation,16,16,186,0,16,0.8863636363636364,0.8849402409185018,0.8849402409185019,14,2,53,0,1,0,0.0009667914964666124,0,0
R1_dp,wide,ALL,ALL,65,65,591,0,65,0.7611202635914333,0.7574711760174138,0.7574711760174134,58,6,218,0,1,1,0.0013180829992052168,0,0
R1_dp,wide,ALL,development,13,13,108,0,13,0.7510548523206751,0.7495180773818545,0.7495180773818544,12,1,48,0,0,0,0.0012415830060490407,0,0
R1_dp,wide,ALL,evaluation,52,52,483,0,52,0.7635619242579325,0.7594594506763036,0.7594594506763033,46,5,170,0,1,1,0.0013622914993902668,0,0
R1_dp,wide,de,ALL,5,5,50,0,5,0.8865979381443299,0.8892230576441104,0.8892230576441105,5,0,16,0,0,0,0.0011682919939630665,0,0
R1_dp,wide,de,development,1,1,9,0,1,0.8421052631578947,0.8421052631578948,0.8421052631578948,1,0,3,0,0,0,0.000901542000065092,0,0
R1_dp,wide,de,evaluation,4,4,41,0,4,0.8974358974358975,0.9010025062656642,0.9010025062656644,4,0,13,0,0,0,0.0013159789959900081,0,0
R1_dp,wide,en,ALL,20,20,169,0,20,0.7575757575757576,0.752843137254902,0.7528431372549019,18,2,62,0,1,0,0.0011292500057606958,0,0
R1_dp,wide,en,development,4,4,30,0,4,0.7741935483870968,0.7725490196078432,0.7725490196078432,3,1,12,0,0,0,0.0009375000008731149,0,0
R1_dp,wide,en,evaluation,16,16,139,0,16,0.753731343283582,0.7479166666666667,0.7479166666666667,15,1,50,0,1,0,0.0011717920024238992,0,0
R1_dp,wide,es,ALL,5,5,46,0,5,0.6666666666666666,0.654963612239154,0.654963612239154,4,1,15,0,0,0,0.0013180829992052168,0,0
R1_dp,wide,es,development,1,1,7,0,1,0.5882352941176471,0.5882352941176471,0.5882352941176471,1,0,3,0,0,0,0.0015019160055089742,0,0
R1_dp,wide,es,evaluation,4,4,39,0,4,0.6835443037974683,0.6716456917695308,0.6716456917695308,3,1,12,0,0,0,0.001306062000367092,0,0
R1_dp,wide,fr,ALL,5,5,51,0,5,0.8282828282828283,0.8240336134453782,0.8240336134453783,4,0,15,0,0,1,0.0012415830060490407,0,0
R1_dp,wide,fr,development,1,1,7,0,1,0.7058823529411765,0.7058823529411764,0.7058823529411764,1,0,3,0,0,0,0.0012415830060490407,0,0
R1_dp,wide,fr,evaluation,4,4,44,0,4,0.8536585365853658,0.8535714285714286,0.8535714285714286,3,0,12,0,0,1,0.001309812501858687,0,0
R1_dp,wide,ja,ALL,5,5,49,0,5,0.6730769230769231,0.6715113871635611,0.6715113871635612,3,2,21,0,0,0,0.0015249169955495745,0,0
R1_dp,wide,ja,development,1,1,9,0,1,0.7,0.7000000000000001,0.7000000000000001,1,0,4,0,0,0,0.0012648330011870712,0,0
R1_dp,wide,ja,evaluation,4,4,40,0,4,0.6666666666666666,0.6643892339544514,0.6643892339544514,2,2,17,0,0,0,0.0015472084996872582,0,0
R1_dp,wide,pt-BR,ALL,5,5,48,0,5,0.6938775510204082,0.6930827067669173,0.6930827067669173,5,0,16,0,0,0,0.001485583998146467,0,0
R1_dp,wide,pt-BR,development,1,1,8,0,1,0.6666666666666666,0.6666666666666665,0.6666666666666665,1,0,3,0,0,0,0.0011575840035220608,0,0
R1_dp,wide,pt-BR,evaluation,4,4,40,0,4,0.7,0.69968671679198,0.6996867167919799,4,0,13,0,0,0,0.0014897714972903486,0,0
R1_dp,wide,zh-Hans,ALL,20,20,178,0,20,0.7794871794871795,0.7757345904869124,0.7757345904869124,19,1,73,0,0,0,0.0013622914993902668,0,0
R1_dp,wide,zh-Hans,development,4,4,38,0,4,0.7857142857142857,0.7876623376623376,0.7876623376623377,4,0,20,0,0,0,0.0013650834989675786,0,0
R1_dp,wide,zh-Hans,evaluation,16,16,140,0,16,0.7777777777777778,0.7727526536930561,0.772752653693056,15,1,53,0,0,0,0.0013622914993902668,0,0
R1_isolated,default,ALL,ALL,65,65,706,0,65,0.7900677200902935,0.788693783594847,0.7886937835948468,56,8,218,0,9,2,,0,0
R1_isolated,default,ALL,development,13,13,129,0,13,0.7054263565891473,0.7050557397912358,0.7050557397912359,13,0,48,0,3,0,,0,0
R1_isolated,default,ALL,evaluation,52,52,577,0,52,0.8104575163398693,0.8096032945457498,0.8096032945457494,43,8,170,0,6,2,,0,0
R1_isolated,default,de,ALL,5,5,55,0,5,0.803921568627451,0.7972704488493962,0.7972704488493962,4,1,16,0,2,0,,0,0
R1_isolated,default,de,development,1,1,9,0,1,0.3157894736842105,0.3157894736842105,0.3157894736842105,1,0,3,0,0,0,,0,0
R1_isolated,default,de,evaluation,4,4,46,0,4,0.9156626506024096,0.9176406926406926,0.9176406926406926,3,1,13,0,2,0,,0,0
R1_isolated,default,en,ALL,20,20,192,0,20,0.8045325779036827,0.8016830065359477,0.8016830065359478,18,2,62,0,2,0,,0,0
R1_isolated,default,en,development,4,4,35,0,4,0.7761194029850746,0.7757352941176471,0.7757352941176472,4,0,12,0,0,0,,0,0
R1_isolated,default,en,evaluation,16,16,157,0,16,0.8111888111888111,0.8081699346405229,0.808169934640523,14,2,50,0,2,0,,0,0
R1_isolated,default,es,ALL,5,5,57,0,5,0.7289719626168224,0.7279653679653679,0.727965367965368,5,0,15,0,1,0,,0,0
R1_isolated,default,es,development,1,1,10,0,1,0.8,0.7999999999999999,0.7999999999999999,1,0,3,0,1,0,,0,0
R1_isolated,default,es,evaluation,4,4,47,0,4,0.7126436781609196,0.70995670995671,0.70995670995671,4,0,12,0,0,0,,0,0
R1_isolated,default,fr,ALL,5,5,56,0,5,0.75,0.750909090909091,0.750909090909091,4,0,15,0,0,1,,0,0
R1_isolated,default,fr,development,1,1,10,0,1,0.6,0.6,0.6,1,0,3,0,0,0,,0,0
R1_isolated,default,fr,evaluation,4,4,46,0,4,0.7857142857142857,0.7886363636363637,0.7886363636363638,3,0,12,0,0,1,,0,0
R1_isolated,default,ja,ALL,5,5,59,0,5,0.6842105263157895,0.6785714285714286,0.6785714285714286,4,1,21,0,0,0,,0,0
R1_isolated,default,ja,development,1,1,12,0,1,0.6956521739130435,0.6956521739130435,0.6956521739130435,1,0,4,0,0,0,,0,0
R1_isolated,default,ja,evaluation,4,4,47,0,4,0.6813186813186813,0.6743012422360248,0.6743012422360248,3,1,17,0,0,0,,0,0
R1_isolated,default,pt-BR,ALL,5,5,57,0,5,0.7850467289719626,0.7808612440191387,0.7808612440191387,5,0,16,0,1,0,,0,0
R1_isolated,default,pt-BR,development,1,1,9,0,1,0.631578947368421,0.631578947368421,0.631578947368421,1,0,3,0,1,0,,0,0
R1_isolated,default,pt-BR,evaluation,4,4,48,0,4,0.8181818181818182,0.8181818181818181,0.8181818181818181,4,0,13,0,0,0,,0,0
R1_isolated,default,zh-Hans,ALL,20,20,230,0,20,0.8280542986425339,0.8276773950686994,0.8276773950686993,16,4,73,0,3,1,,0,0
R1_isolated,default,zh-Hans,development,4,4,44,0,4,0.7555555555555555,0.7549407114624506,0.7549407114624506,4,0,20,0,1,0,,0,0
R1_isolated,default,zh-Hans,evaluation,16,16,186,0,16,0.8465909090909091,0.8458615659702616,0.8458615659702615,12,4,53,0,2,1,,0,0
