method,split,language,n,final_valid,feasible,f1_macro,protected_breaks,short,punctuation_starts,safe_samples,advice_valid,advice_usable,fallback_count,changed_text,latency_median_s,input_tokens,output_tokens,estimated_cost_usd
H1_boundary_ratings,ALL,ALL,65,65,65,0.8331927380736104,4,5,1,60,65,52,13,0,1.3583778330066707,54291,5160,0.0047785499999999995
H1_boundary_ratings,ALL,de,5,5,5,0.8488995215311005,0,1,0,5,5,2,3,0,1.2912616670000716,3592,405,0.00034160000000000006
H1_boundary_ratings,ALL,en,20,20,20,0.837156862745098,2,1,0,18,20,18,2,0,1.38702604199716,13111,1485,0.00124955
H1_boundary_ratings,ALL,es,5,5,5,0.8345454545454546,0,1,0,5,5,4,1,0,1.4244274579978082,3744,420,0.0003552
H1_boundary_ratings,ALL,fr,5,5,5,0.7902164502164503,0,0,1,4,5,4,1,0,1.3796107500020298,3645,410,0.00034625
H1_boundary_ratings,ALL,ja,5,5,5,0.6719367588932806,1,0,0,4,5,3,2,0,1.3260146659958991,5363,410,0.00043215000000000007
H1_boundary_ratings,ALL,pt-BR,5,5,5,0.8200956937799043,0,0,0,5,5,4,1,0,1.3642749999999069,3552,395,0.0003356
H1_boundary_ratings,ALL,zh-Hans,20,20,20,0.8792960662525879,1,2,0,19,20,17,3,0,1.294279687495873,21284,1635,0.0017182
H1_boundary_ratings,development,ALL,13,13,13,0.7689658317333644,1,2,0,12,13,11,2,0,1.3159060830003,10868,1033,0.0009566
H1_boundary_ratings,development,de,1,1,1,0.5263157894736842,0,0,0,1,1,0,1,0,1.2845342919972609,806,91,7.67e-05
H1_boundary_ratings,development,en,4,4,4,0.8104575163398693,1,1,0,3,4,4,0,0,1.4626742914988426,2712,309,0.0002592
H1_boundary_ratings,development,es,1,1,1,0.9,0,0,0,1,1,1,0,0,1.2230852499997127,646,71,6.070000000000001e-05
H1_boundary_ratings,development,fr,1,1,1,0.6666666666666666,0,0,0,1,1,1,0,0,1.720282957998279,814,91,7.71e-05
H1_boundary_ratings,development,ja,1,1,1,0.7272727272727272,0,0,0,1,1,1,0,0,1.3159060830003,1027,76,8.175000000000001e-05
H1_boundary_ratings,development,pt-BR,1,1,1,0.7368421052631579,0,0,0,1,1,1,0,0,1.2898487919956096,614,66,5.7100000000000006e-05
H1_boundary_ratings,development,zh-Hans,4,4,4,0.7994071146245059,0,1,0,4,4,3,1,0,1.294279687495873,4249,329,0.00034405000000000004
H1_boundary_ratings,evaluation,ALL,52,52,52,0.8492494646586718,3,3,1,48,52,41,11,0,1.3597682704967156,43423,4127,0.00382195
H1_boundary_ratings,evaluation,de,4,4,4,0.9295454545454546,0,1,0,4,4,2,2,0,1.3249372914979176,2786,314,0.0002649
H1_boundary_ratings,evaluation,en,16,16,16,0.8438316993464052,1,0,0,15,16,14,2,0,1.3407570834970102,10399,1176,0.00099035
H1_boundary_ratings,evaluation,es,4,4,4,0.8181818181818182,0,1,0,4,4,3,1,0,1.4274409790014033,3098,349,0.0002945
H1_boundary_ratings,evaluation,fr,4,4,4,0.8211038961038961,0,0,1,3,4,3,1,0,1.3600495000027877,2831,319,0.00026915
H1_boundary_ratings,evaluation,ja,4,4,4,0.658102766798419,1,0,0,3,4,2,2,0,1.3640752289975353,4336,334,0.0003504
H1_boundary_ratings,evaluation,pt-BR,4,4,4,0.8409090909090909,0,0,0,4,4,3,1,0,1.3858020624975325,2938,329,0.0002785
H1_boundary_ratings,evaluation,zh-Hans,16,16,16,0.8992683041596086,1,1,0,15,16,14,2,0,1.3208406870035105,17035,1306,0.00137415
H1_boundary_vote3,ALL,ALL,65,65,65,0.8318930488455324,5,3,1,59,65,51,14,0,1.6059039579995442,162873,15481,0.014336050000000001
H1_boundary_vote3,ALL,de,5,5,5,0.8488995215311005,0,1,0,5,5,3,2,0,1.635567915996944,10776,1215,0.0010248000000000002
H1_boundary_vote3,ALL,en,20,20,20,0.8430392156862745,2,0,0,18,20,17,3,0,1.5370831664986326,39333,4455,0.00374865
H1_boundary_vote3,ALL,es,5,5,5,0.8033766233766234,0,0,0,5,5,4,1,0,1.7079027079962543,11232,1261,0.001066
H1_boundary_vote3,ALL,fr,5,5,5,0.796883116883117,0,0,1,4,5,4,1,0,1.56066633300361,10935,1230,0.0010387500000000002
H1_boundary_vote3,ALL,ja,5,5,5,0.6845849802371541,2,0,0,3,5,3,2,0,1.4560072090025642,16089,1230,0.0012964500000000002
H1_boundary_vote3,ALL,pt-BR,5,5,5,0.8200956937799043,0,0,0,5,5,3,2,0,1.659497624998039,10656,1185,0.0010068
H1_boundary_vote3,ALL,zh-Hans,20,20,20,0.8721532091097308,1,2,0,19,20,17,3,0,1.6301712505010073,63852,4905,0.0051546000000000005
H1_boundary_vote3,development,ALL,13,13,13,0.7891267166001316,1,1,0,12,13,10,3,0,1.6346019589982461,32604,3099,0.0028698000000000005
H1_boundary_vote3,development,de,1,1,1,0.5263157894736842,0,0,0,1,1,0,1,0,1.635567915996944,2418,273,0.0002301
H1_boundary_vote3,development,en,4,4,4,0.8676470588235294,1,0,0,3,4,4,0,0,1.6516614380016108,8136,927,0.0007776
H1_boundary_vote3,development,es,1,1,1,0.9,0,0,0,1,1,1,0,0,1.3334061250061495,1938,213,0.0001821
H1_boundary_vote3,development,fr,1,1,1,0.7000000000000001,0,0,0,1,1,0,1,0,1.720282957998279,2442,273,0.0002313
H1_boundary_vote3,development,ja,1,1,1,0.7272727272727272,0,0,0,1,1,1,0,0,1.3159060830003,3081,228,0.00024525
H1_boundary_vote3,development,pt-BR,1,1,1,0.7368421052631579,0,0,0,1,1,1,0,0,1.2898487919956096,1842,198,0.0001713
H1_boundary_vote3,development,zh-Hans,4,4,4,0.7994071146245059,0,1,0,4,4,3,1,0,1.602760395500809,12747,987,0.0010321500000000001
H1_boundary_vote3,evaluation,ALL,52,52,52,0.8425846319068826,4,2,1,47,52,41,11,0,1.6021344580003642,130269,12382,0.01146625
H1_boundary_vote3,evaluation,de,4,4,4,0.9295454545454546,0,1,0,4,4,3,1,0,1.6722600210014207,8358,942,0.0007947
H1_boundary_vote3,evaluation,en,16,16,16,0.8368872549019608,1,0,0,15,16,13,3,0,1.5206526875008421,31197,3528,0.0029710500000000003
H1_boundary_vote3,evaluation,es,4,4,4,0.7792207792207793,0,0,0,4,4,3,1,0,1.717096666496218,9294,1048,0.0008839000000000001
H1_boundary_vote3,evaluation,fr,4,4,4,0.8211038961038961,0,0,1,3,4,4,0,0,1.5343268955002713,8493,957,0.0008074500000000001
H1_boundary_vote3,evaluation,ja,4,4,4,0.6739130434782609,2,0,0,2,4,2,2,0,1.6735704589991656,13008,1002,0.0010512
H1_boundary_vote3,evaluation,pt-BR,4,4,4,0.8409090909090909,0,0,0,4,4,2,2,0,1.7100588539979071,8814,987,0.0008355000000000001
H1_boundary_vote3,evaluation,zh-Hans,16,16,16,0.8903397327310371,1,1,0,15,16,14,2,0,1.6301712505010073,51105,3918,0.00412245
H1_guarded_projection_low,ALL,ALL,65,65,65,0.8295960164631587,4,23,0,61,65,65,0,0,10.854561792002642,28912,124467,0.051232400000000004
H1_guarded_projection_low,ALL,de,5,5,5,0.7222328548644338,0,1,0,5,5,5,0,0,9.981059332996665,2195,9795,0.004027749999999999
H1_guarded_projection_low,ALL,en,20,20,20,0.8643790849673203,1,7,0,19,20,20,0,0,9.704349687497597,8490,35748,0.014723700000000001
H1_guarded_projection_low,ALL,es,5,5,5,0.7661471861471861,0,3,0,5,5,5,0,0,7.002031292002357,2219,7942,0.00328775
H1_guarded_projection_low,ALL,fr,5,5,5,0.9254545454545454,0,3,0,5,5,5,0,0,7.867451665995759,2224,8771,0.0036196
H1_guarded_projection_low,ALL,ja,5,5,5,0.6992753623188406,1,1,0,4,5,5,0,0,10.875628916997812,2334,9847,0.0040555
H1_guarded_projection_low,ALL,pt-BR,5,5,5,0.774537133347202,0,1,0,5,5,5,0,0,12.621734250002191,2267,10549,0.00433295
H1_guarded_projection_low,ALL,zh-Hans,20,20,20,0.8598961980048937,2,7,0,18,20,20,0,0,11.780636021001555,9183,41815,0.01718515
H1_guarded_projection_low,development,ALL,13,13,13,0.8014495880870898,0,6,0,13,13,13,0,0,10.854561792002642,5724,24279,0.009997800000000001
H1_guarded_projection_low,development,de,1,1,1,0.5263157894736842,0,0,0,1,1,1,0,0,13.956607249994704,434,2850,0.0011616999999999999
H1_guarded_projection_low,development,en,4,4,4,0.8562091503267975,0,2,0,4,4,4,0,0,8.341581832999509,1678,5553,0.0023051000000000005
H1_guarded_projection_low,development,es,1,1,1,0.9,0,0,0,1,1,1,0,0,7.229531042001327,431,1437,0.00059635
H1_guarded_projection_low,development,fr,1,1,1,0.8181818181818182,0,3,0,1,1,1,0,0,15.543329874999472,437,2736,0.00111625
H1_guarded_projection_low,development,ja,1,1,1,0.6956521739130435,0,0,0,1,1,1,0,0,9.350151209000614,467,1422,0.0005921500000000001
H1_guarded_projection_low,development,pt-BR,1,1,1,0.631578947368421,0,0,0,1,1,1,0,0,12.621734250002191,442,2097,0.0008609000000000002
H1_guarded_projection_low,development,zh-Hans,4,4,4,0.8555698287220026,0,1,0,4,4,4,0,0,12.767097021001973,1835,8184,0.00336535
H1_guarded_projection_low,evaluation,ALL,52,52,52,0.8366326235571759,4,17,0,48,52,52,0,0,10.668770625499747,23188,100188,0.0412346
H1_guarded_projection_low,evaluation,de,4,4,4,0.7712121212121212,0,1,0,4,4,4,0,0,8.304939812496741,1761,6945,0.00286605
H1_guarded_projection_low,evaluation,en,16,16,16,0.866421568627451,1,5,0,15,16,16,0,0,10.293679312497261,6812,30195,0.0124186
H1_guarded_projection_low,evaluation,es,4,4,4,0.7326839826839827,0,3,0,4,4,4,0,0,6.629446021001058,1788,6505,0.0026914
H1_guarded_projection_low,evaluation,fr,4,4,4,0.9522727272727273,0,0,0,4,4,4,0,0,7.402135207998072,1787,6035,0.00250335
H1_guarded_projection_low,evaluation,ja,4,4,4,0.7001811594202899,1,1,0,3,4,4,0,0,11.284001208496193,1867,8425,0.00346335
H1_guarded_projection_low,evaluation,pt-BR,4,4,4,0.8102766798418972,0,1,0,4,4,4,0,0,11.477109104002011,1825,8452,0.0034720500000000004
H1_guarded_projection_low,evaluation,zh-Hans,16,16,16,0.8609777903256164,2,6,0,14,16,16,0,0,11.780636021001555,7348,33631,0.013819800000000002
H1_guarded_projection_minimal,ALL,ALL,65,65,65,0.8446711800635612,3,4,1,61,65,64,1,0,1.5517110419968958,28912,7200,0.004325600000000001
H1_guarded_projection_minimal,ALL,de,5,5,5,0.8688995215311005,0,1,0,5,5,5,0,0,1.4880793330012239,2195,545,0.00032775
H1_guarded_projection_minimal,ALL,en,20,20,20,0.8688562091503268,0,0,0,20,20,20,0,0,1.4734914994987776,8490,1837,0.0011593
H1_guarded_projection_minimal,ALL,es,5,5,5,0.8345454545454546,0,1,0,5,5,5,0,0,1.5890998340037186,2219,568,0.00033815
H1_guarded_projection_minimal,ALL,fr,5,5,5,0.796883116883117,0,0,1,4,5,5,0,0,1.4681484579996322,2224,534,0.00032480000000000003
H1_guarded_projection_minimal,ALL,ja,5,5,5,0.7022868435911914,1,0,0,4,5,5,0,0,1.5861534579962608,2334,679,0.00038830000000000006
H1_guarded_projection_minimal,ALL,pt-BR,5,5,5,0.8200956937799043,0,0,0,5,5,5,0,0,1.696219999997993,2267,585,0.00034735
H1_guarded_projection_minimal,ALL,zh-Hans,20,20,20,0.8706474684735555,2,2,0,18,20,19,1,0,1.5794634794983722,9183,2452,0.00143995
H1_guarded_projection_minimal,development,ALL,13,13,13,0.780579708053123,0,1,0,13,13,13,0,0,1.5854670420012553,5724,1349,0.0008258
H1_guarded_projection_minimal,development,de,1,1,1,0.5263157894736842,0,0,0,1,1,1,0,0,1.4508664589957334,434,103,6.290000000000001e-05
H1_guarded_projection_minimal,development,en,4,4,4,0.8398692810457516,0,0,0,4,4,4,0,0,1.692198250500951,1678,354,0.0002255
H1_guarded_projection_minimal,development,es,1,1,1,0.9,0,0,0,1,1,1,0,0,1.7346107909979764,431,99,6.115e-05
H1_guarded_projection_minimal,development,fr,1,1,1,0.7000000000000001,0,0,0,1,1,1,0,0,1.5517110419968958,437,105,6.385000000000001e-05
H1_guarded_projection_minimal,development,ja,1,1,1,0.7272727272727272,0,0,0,1,1,1,0,0,1.8174804999944172,467,139,7.895000000000001e-05
H1_guarded_projection_minimal,development,pt-BR,1,1,1,0.7368421052631579,0,0,0,1,1,1,0,0,1.645603166994988,442,105,6.41e-05
H1_guarded_projection_minimal,development,zh-Hans,4,4,4,0.7994071146245059,0,1,0,4,4,4,0,0,1.4430197914989549,1835,444,0.00026935
H1_guarded_projection_minimal,evaluation,ALL,52,52,52,0.8606940480661709,3,3,1,48,52,51,1,0,1.519490541999403,23188,5851,0.0034998000000000004
H1_guarded_projection_minimal,evaluation,de,4,4,4,0.9545454545454546,0,1,0,4,4,4,0,0,1.5318545619993529,1761,442,0.00026485
H1_guarded_projection_minimal,evaluation,en,16,16,16,0.8761029411764706,0,0,0,16,16,16,0,0,1.436424249499396,6812,1483,0.0009338
H1_guarded_projection_minimal,evaluation,es,4,4,4,0.8181818181818182,0,1,0,4,4,4,0,0,1.5167835419997573,1788,469,0.000277
H1_guarded_projection_minimal,evaluation,fr,4,4,4,0.8211038961038961,0,0,1,3,4,4,0,0,1.3967450000018289,1787,429,0.00026095000000000003
H1_guarded_projection_minimal,evaluation,ja,4,4,4,0.6960403726708074,1,0,0,3,4,4,0,0,1.5133239374990808,1867,540,0.00030935
H1_guarded_projection_minimal,evaluation,pt-BR,4,4,4,0.8409090909090909,0,0,0,4,4,4,0,0,1.7989784999990661,1825,480,0.00028325
H1_guarded_projection_minimal,evaluation,zh-Hans,16,16,16,0.8884575569358178,2,1,0,14,16,15,1,0,1.6382831669980078,7348,2008,0.0011706
H1_nbest_choice,ALL,ALL,65,65,65,0.8107565576464486,5,4,1,59,65,65,0,0,1.064641416996892,36077,1300,0.00232385
H1_nbest_choice,ALL,de,5,5,5,0.8636363636363636,0,1,0,5,5,5,0,0,1.0668443340036902,2754,100,0.0001777
H1_nbest_choice,ALL,en,20,20,20,0.8100081699346405,2,0,0,18,20,20,0,0,1.062813479002216,9894,400,0.0006547
H1_nbest_choice,ALL,es,5,5,5,0.8145454545454546,0,1,0,5,5,5,0,0,1.1415407080057776,3035,100,0.00019175
H1_nbest_choice,ALL,fr,5,5,5,0.816017316017316,0,0,1,4,5,5,0,0,1.0474341660010396,2957,100,0.00018784999999999999
H1_nbest_choice,ALL,ja,5,5,5,0.6580839450404667,1,0,0,4,5,5,0,0,1.056485082997824,3551,100,0.00021755
H1_nbest_choice,ALL,pt-BR,5,5,5,0.794395078605605,0,0,0,5,5,5,0,0,1.1005474159974256,2452,100,0.0001626
H1_nbest_choice,ALL,zh-Hans,20,20,20,0.838281102955016,2,2,0,18,20,20,0,0,1.0636384789977456,11434,400,0.0007317000000000001
H1_nbest_choice,development,ALL,13,13,13,0.7875320242193308,1,1,0,12,13,13,0,0,1.132706208001764,7679,260,0.00048795
H1_nbest_choice,development,de,1,1,1,0.7000000000000001,0,0,0,1,1,1,0,0,1.132706208001764,846,20,5.03e-05
H1_nbest_choice,development,en,4,4,4,0.8137254901960784,1,0,0,3,4,4,0,0,1.3070844579960976,2195,80,0.00014175
H1_nbest_choice,development,es,1,1,1,0.7999999999999999,0,0,0,1,1,1,0,0,1.1566302920036833,410,20,2.85e-05
H1_nbest_choice,development,fr,1,1,1,0.7999999999999999,0,0,0,1,1,1,0,0,0.9029576249959064,764,20,4.62e-05
H1_nbest_choice,development,ja,1,1,1,0.7272727272727272,0,0,0,1,1,1,0,0,0.9816970839965506,535,20,3.475e-05
H1_nbest_choice,development,pt-BR,1,1,1,0.8421052631578948,0,0,0,1,1,1,0,0,1.171004833006009,424,20,2.9200000000000005e-05
H1_nbest_choice,development,zh-Hans,4,4,4,0.7784090909090909,0,1,0,4,4,4,0,0,1.0705034374987008,2505,80,0.00015725
H1_nbest_choice,evaluation,ALL,52,52,52,0.8165626910032281,4,3,1,47,52,52,0,0,1.0534888954971393,28398,1040,0.0018359000000000001
H1_nbest_choice,evaluation,de,4,4,4,0.9045454545454545,0,1,0,4,4,4,0,0,1.0586685210000724,1908,80,0.0001274
H1_nbest_choice,evaluation,en,16,16,16,0.8090788398692811,1,0,0,15,16,16,0,0,1.0311827290024667,7699,320,0.0005129500000000001
H1_nbest_choice,evaluation,es,4,4,4,0.8181818181818181,0,1,0,4,4,4,0,0,1.068178125002305,2625,80,0.00016324999999999998
H1_nbest_choice,evaluation,fr,4,4,4,0.8200216450216451,0,0,1,3,4,4,0,0,1.1115904370017233,2193,80,0.00014165
H1_nbest_choice,evaluation,ja,4,4,4,0.6407867494824017,1,0,0,3,4,4,0,0,1.0776162289985223,3016,80,0.0001828
H1_nbest_choice,evaluation,pt-BR,4,4,4,0.7824675324675325,0,0,0,4,4,4,0,0,1.0318224580005335,2028,80,0.00013340000000000002
H1_nbest_choice,evaluation,zh-Hans,16,16,16,0.8532491059664973,2,1,0,14,16,16,0,0,1.0505538754987356,8929,320,0.00057445
H1_nbest_oracle,ALL,ALL,65,65,65,0.8947515921657798,3,4,1,61,0,0,0,0,,0,0,0.0
H1_nbest_oracle,ALL,de,5,5,5,0.9418181818181818,0,1,0,5,0,0,0,0,,0,0,0.0
H1_nbest_oracle,ALL,en,20,20,20,0.9222222222222223,0,0,0,20,0,0,0,0,,0,0,0.0
H1_nbest_oracle,ALL,es,5,5,5,0.870909090909091,0,1,0,5,0,0,0,0,,0,0,0.0
H1_nbest_oracle,ALL,fr,5,5,5,0.8864935064935066,0,0,1,4,0,0,0,0,,0,0,0.0
H1_nbest_oracle,ALL,ja,5,5,5,0.7019762845849802,2,0,0,3,0,0,0,0,,0,0,0.0
H1_nbest_oracle,ALL,pt-BR,5,5,5,0.8956937799043062,0,0,0,5,0,0,0,0,,0,0,0.0
H1_nbest_oracle,ALL,zh-Hans,20,20,20,0.9114977413890457,1,2,0,19,0,0,0,0,,0,0,0.0
H1_nbest_oracle,development,ALL,13,13,13,0.8505878090142459,0,1,0,13,0,0,0,0,,0,0,0.0
H1_nbest_oracle,development,de,1,1,1,0.7999999999999999,0,0,0,1,0,0,0,0,,0,0,0.0
H1_nbest_oracle,development,en,4,4,4,0.8970588235294118,0,0,0,4,0,0,0,0,,0,0,0.0
H1_nbest_oracle,development,es,1,1,1,0.9,0,0,0,1,0,0,0,0,,0,0,0.0
H1_nbest_oracle,development,fr,1,1,1,0.8571428571428572,0,0,0,1,0,0,0,0,,0,0,0.0
H1_nbest_oracle,development,ja,1,1,1,0.7272727272727272,0,0,0,1,0,0,0,0,,0,0,0.0
H1_nbest_oracle,development,pt-BR,1,1,1,0.8421052631578948,0,0,0,1,0,0,0,0,,0,0,0.0
H1_nbest_oracle,development,zh-Hans,4,4,4,0.8357213438735178,0,1,0,4,0,0,0,0,,0,0,0.0
H1_nbest_oracle,evaluation,ALL,52,52,52,0.9057925379536633,3,3,1,48,0,0,0,0,,0,0,0.0
H1_nbest_oracle,evaluation,de,4,4,4,0.9772727272727273,0,1,0,4,0,0,0,0,,0,0,0.0
H1_nbest_oracle,evaluation,en,16,16,16,0.9285130718954249,0,0,0,16,0,0,0,0,,0,0,0.0
H1_nbest_oracle,evaluation,es,4,4,4,0.8636363636363636,0,1,0,4,0,0,0,0,,0,0,0.0
H1_nbest_oracle,evaluation,fr,4,4,4,0.8938311688311689,0,0,1,3,0,0,0,0,,0,0,0.0
H1_nbest_oracle,evaluation,ja,4,4,4,0.6956521739130435,2,0,0,2,0,0,0,0,,0,0,0.0
H1_nbest_oracle,evaluation,pt-BR,4,4,4,0.9090909090909091,0,0,0,4,0,0,0,0,,0,0,0.0
H1_nbest_oracle,evaluation,zh-Hans,16,16,16,0.9304418407679277,1,1,0,15,0,0,0,0,,0,0,0.0
H1_projection_low,ALL,ALL,65,65,65,0.8716281673786048,3,10,1,61,65,65,0,0,10.854561792002642,28912,124467,0.051232400000000004
H1_projection_low,ALL,de,5,5,5,0.8288995215311005,0,0,0,5,5,5,0,0,9.981059332996665,2195,9795,0.004027749999999999
H1_projection_low,ALL,en,20,20,20,0.8977124183006536,0,3,0,20,20,20,0,0,9.704349687497597,8490,35748,0.014723700000000001
H1_projection_low,ALL,es,5,5,5,0.8345454545454546,0,1,0,5,5,5,0,0,7.002031292002357,2219,7942,0.00328775
H1_projection_low,ALL,fr,5,5,5,0.8818181818181818,0,0,1,4,5,5,0,0,7.867451665995759,2224,8771,0.0036196
H1_projection_low,ALL,ja,5,5,5,0.7328063241106719,1,1,0,4,5,5,0,0,10.875628916997812,2334,9847,0.0040555
H1_projection_low,ALL,pt-BR,5,5,5,0.8564593301435407,0,0,0,5,5,5,0,0,12.621734250002191,2267,10549,0.00433295
H1_projection_low,ALL,zh-Hans,20,20,20,0.9014469226425749,2,5,0,18,20,20,0,0,11.780636021001555,9183,41815,0.01718515
H1_projection_low,development,ALL,13,13,13,0.819137129602872,0,2,0,13,13,13,0,0,10.854561792002642,5724,24279,0.009997800000000001
H1_projection_low,development,de,1,1,1,0.5263157894736842,0,0,0,1,1,1,0,0,13.956607249994704,434,2850,0.0011616999999999999
H1_projection_low,development,en,4,4,4,0.9150326797385621,0,1,0,4,4,4,0,0,8.341581832999509,1678,5553,0.0023051000000000005
H1_projection_low,development,es,1,1,1,0.9,0,0,0,1,1,1,0,0,7.229531042001327,431,1437,0.00059635
H1_projection_low,development,fr,1,1,1,0.7000000000000001,0,0,0,1,1,1,0,0,15.543329874999472,437,2736,0.00111625
H1_projection_low,development,ja,1,1,1,0.7272727272727272,0,0,0,1,1,1,0,0,9.350151209000614,467,1422,0.0005921500000000001
H1_projection_low,development,pt-BR,1,1,1,0.7368421052631579,0,0,0,1,1,1,0,0,12.621734250002191,442,2097,0.0008609000000000002
H1_projection_low,development,zh-Hans,4,4,4,0.8495553359683794,0,1,0,4,4,4,0,0,12.767097021001973,1835,8184,0.00336535
H1_projection_low,evaluation,ALL,52,52,52,0.8847509268225381,3,8,1,48,52,52,0,0,10.668770625499747,23188,100188,0.0412346
H1_projection_low,evaluation,de,4,4,4,0.9045454545454545,0,0,0,4,4,4,0,0,8.304939812496741,1761,6945,0.00286605
H1_projection_low,evaluation,en,16,16,16,0.8933823529411764,0,2,0,16,16,16,0,0,10.293679312497261,6812,30195,0.0124186
H1_projection_low,evaluation,es,4,4,4,0.8181818181818182,0,1,0,4,4,4,0,0,6.629446021001058,1788,6505,0.0026914
H1_projection_low,evaluation,fr,4,4,4,0.9272727272727272,0,0,1,3,4,4,0,0,7.402135207998072,1787,6035,0.00250335
H1_projection_low,evaluation,ja,4,4,4,0.7341897233201581,1,1,0,3,4,4,0,0,11.284001208496193,1867,8425,0.00346335
H1_projection_low,evaluation,pt-BR,4,4,4,0.8863636363636364,0,0,0,4,4,4,0,0,11.477109104002011,1825,8452,0.0034720500000000004
H1_projection_low,evaluation,zh-Hans,16,16,16,0.9144198193111237,2,4,0,14,16,16,0,0,11.780636021001555,7348,33631,0.013819800000000002
H1_projection_minimal,ALL,ALL,65,65,65,0.8438053791977604,3,4,1,61,65,64,1,0,1.5517110419968958,28912,7200,0.004325600000000001
H1_projection_minimal,ALL,de,5,5,5,0.8688995215311005,0,1,0,5,5,5,0,0,1.4880793330012239,2195,545,0.00032775
H1_projection_minimal,ALL,en,20,20,20,0.8688562091503268,0,0,0,20,20,20,0,0,1.4734914994987776,8490,1837,0.0011593
H1_projection_minimal,ALL,es,5,5,5,0.8345454545454546,0,1,0,5,5,5,0,0,1.5890998340037186,2219,568,0.00033815
H1_projection_minimal,ALL,fr,5,5,5,0.796883116883117,0,0,1,4,5,5,0,0,1.4681484579996322,2224,534,0.00032480000000000003
H1_projection_minimal,ALL,ja,5,5,5,0.7022868435911914,1,0,0,4,5,5,0,0,1.5861534579962608,2334,679,0.00038830000000000006
H1_projection_minimal,ALL,pt-BR,5,5,5,0.8200956937799043,0,0,0,5,5,5,0,0,1.696219999997993,2267,585,0.00034735
H1_projection_minimal,ALL,zh-Hans,20,20,20,0.8678336156597026,2,2,0,18,20,19,1,0,1.5794634794983722,9183,2452,0.00143995
H1_projection_minimal,development,ALL,13,13,13,0.780579708053123,0,1,0,13,13,13,0,0,1.5854670420012553,5724,1349,0.0008258
H1_projection_minimal,development,de,1,1,1,0.5263157894736842,0,0,0,1,1,1,0,0,1.4508664589957334,434,103,6.290000000000001e-05
H1_projection_minimal,development,en,4,4,4,0.8398692810457516,0,0,0,4,4,4,0,0,1.692198250500951,1678,354,0.0002255
H1_projection_minimal,development,es,1,1,1,0.9,0,0,0,1,1,1,0,0,1.7346107909979764,431,99,6.115e-05
H1_projection_minimal,development,fr,1,1,1,0.7000000000000001,0,0,0,1,1,1,0,0,1.5517110419968958,437,105,6.385000000000001e-05
H1_projection_minimal,development,ja,1,1,1,0.7272727272727272,0,0,0,1,1,1,0,0,1.8174804999944172,467,139,7.895000000000001e-05
H1_projection_minimal,development,pt-BR,1,1,1,0.7368421052631579,0,0,0,1,1,1,0,0,1.645603166994988,442,105,6.41e-05
H1_projection_minimal,development,zh-Hans,4,4,4,0.7994071146245059,0,1,0,4,4,4,0,0,1.4430197914989549,1835,444,0.00026935
H1_projection_minimal,evaluation,ALL,52,52,52,0.8596117969839198,3,3,1,48,52,51,1,0,1.519490541999403,23188,5851,0.0034998000000000004
H1_projection_minimal,evaluation,de,4,4,4,0.9545454545454546,0,1,0,4,4,4,0,0,1.5318545619993529,1761,442,0.00026485
H1_projection_minimal,evaluation,en,16,16,16,0.8761029411764706,0,0,0,16,16,16,0,0,1.436424249499396,6812,1483,0.0009338
H1_projection_minimal,evaluation,es,4,4,4,0.8181818181818182,0,1,0,4,4,4,0,0,1.5167835419997573,1788,469,0.000277
H1_projection_minimal,evaluation,fr,4,4,4,0.8211038961038961,0,0,1,3,4,4,0,0,1.3967450000018289,1787,429,0.00026095000000000003
H1_projection_minimal,evaluation,ja,4,4,4,0.6960403726708074,1,0,0,3,4,4,0,0,1.5133239374990808,1867,540,0.00030935
H1_projection_minimal,evaluation,pt-BR,4,4,4,0.8409090909090909,0,0,0,4,4,4,0,0,1.7989784999990661,1825,480,0.00028325
H1_projection_minimal,evaluation,zh-Hans,16,16,16,0.8849402409185018,2,1,0,14,16,15,1,0,1.6382831669980078,7348,2008,0.0011706
H1_sparse_ids,ALL,ALL,65,65,65,0.7480254405560638,12,4,1,53,65,55,10,0,1.773268666001968,58895,10179,0.007016350000000001
H1_sparse_ids,ALL,de,5,5,5,0.7762679425837321,1,0,0,4,5,3,2,0,1.2845469579988276,4336,252,0.0003176
H1_sparse_ids,ALL,en,20,20,20,0.7612581699346406,4,0,0,16,20,17,3,0,1.6637978954968276,16296,2665,0.0018808000000000002
H1_sparse_ids,ALL,es,5,5,5,0.6436363636363637,1,1,0,4,5,5,0,0,1.7411176669993438,4504,696,0.0005036000000000001
H1_sparse_ids,ALL,fr,5,5,5,0.7545272271588062,0,0,1,4,5,4,1,0,1.849286333002965,4506,656,0.00048770000000000004
H1_sparse_ids,ALL,ja,5,5,5,0.6608695652173913,2,1,0,3,5,5,0,0,2.1753447500013863,5256,1177,0.0007336
H1_sparse_ids,ALL,pt-BR,5,5,5,0.6899521531100479,0,1,0,5,5,5,0,0,1.7397804579959484,4730,863,0.0005817000000000001
H1_sparse_ids,ALL,zh-Hans,20,20,20,0.7885111989459815,4,1,0,17,20,16,4,0,1.9239897910010768,19267,3870,0.00251135
H1_sparse_ids,development,ALL,13,13,13,0.7367904776607159,1,2,0,12,13,10,3,0,1.7386291669972707,11250,2156,0.0014249
H1_sparse_ids,development,de,1,1,1,0.5263157894736842,0,0,0,1,1,0,1,0,1.6326005829978385,813,22,4.945000000000001e-05
H1_sparse_ids,development,en,4,4,4,0.7162990196078431,1,0,0,3,4,4,0,0,2.0078275419982674,3089,573,0.00038365000000000003
H1_sparse_ids,development,es,1,1,1,0.9,0,0,0,1,1,1,0,0,1.556072082996252,834,153,0.00010290000000000001
H1_sparse_ids,development,fr,1,1,1,0.761904761904762,0,0,0,1,1,1,0,0,1.548279333001119,813,147,9.945e-05
H1_sparse_ids,development,ja,1,1,1,0.6956521739130435,0,0,0,1,1,1,0,0,1.8752063749998342,983,182,0.00012195000000000001
H1_sparse_ids,development,pt-BR,1,1,1,0.631578947368421,0,1,0,1,1,1,0,0,1.7386291669972707,851,154,0.00010415000000000001
H1_sparse_ids,development,zh-Hans,4,4,4,0.7994071146245059,0,1,0,4,4,2,2,0,2.1353617290005786,3867,925,0.00056335
H1_sparse_ids,evaluation,ALL,52,52,52,0.7508341812799008,11,2,1,41,52,45,7,0,1.7915671244991245,47645,8023,0.0055914499999999995
H1_sparse_ids,evaluation,de,4,4,4,0.838755980861244,1,0,0,3,4,3,1,0,1.1558888539984764,3523,230,0.00026815
H1_sparse_ids,evaluation,en,16,16,16,0.7724979575163399,3,0,0,13,16,13,3,0,1.6169890204982948,13207,2092,0.00149715
H1_sparse_ids,evaluation,es,4,4,4,0.5795454545454546,1,1,0,3,4,4,0,0,1.8908357085019816,3670,543,0.00040070000000000004
H1_sparse_ids,evaluation,fr,4,4,4,0.7526828434723172,0,0,1,3,4,3,1,0,1.9340710415017384,3693,509,0.00038825000000000003
H1_sparse_ids,evaluation,ja,4,4,4,0.6521739130434783,2,1,0,2,4,4,0,0,2.238025541500974,4273,995,0.00061165
H1_sparse_ids,evaluation,pt-BR,4,4,4,0.7045454545454546,0,0,0,4,4,4,0,0,1.9193905834981706,3879,709,0.00047755000000000003
H1_sparse_ids,evaluation,zh-Hans,16,16,16,0.7857872200263505,4,0,0,13,16,14,2,0,1.9239897910010768,15400,2945,0.001948
H1_text_low,ALL,ALL,65,65,65,0.836838769133829,3,9,0,62,24,24,41,41,10.854561792002642,28912,124467,0.051232400000000004
H1_text_low,ALL,de,5,5,5,0.8488995215311005,0,1,0,5,1,1,4,4,9.981059332996665,2195,9795,0.004027749999999999
H1_text_low,ALL,en,20,20,20,0.856484348125215,0,5,0,20,12,12,8,8,9.704349687497597,8490,35748,0.014723700000000001
H1_text_low,ALL,es,5,5,5,0.8033766233766234,0,0,0,5,2,2,3,3,7.002031292002357,2219,7942,0.00328775
H1_text_low,ALL,fr,5,5,5,0.8818181818181818,0,0,0,5,3,3,2,2,7.867451665995759,2224,8771,0.0036196
H1_text_low,ALL,ja,5,5,5,0.653416149068323,1,1,0,4,2,2,3,3,10.875628916997812,2334,9847,0.0040555
H1_text_low,ALL,pt-BR,5,5,5,0.8200956937799043,0,0,0,5,2,2,3,3,12.621734250002191,2267,10549,0.00433295
H1_text_low,ALL,zh-Hans,20,20,20,0.8613401091661961,2,2,0,18,2,2,18,18,11.780636021001555,9183,41815,0.01718515
H1_text_low,development,ALL,13,13,13,0.7831750098811614,0,3,0,13,5,5,8,8,10.854561792002642,5724,24279,0.009997800000000001
H1_text_low,development,de,1,1,1,0.5263157894736842,0,0,0,1,0,0,1,1,13.956607249994704,434,2850,0.0011616999999999999
H1_text_low,development,en,4,4,4,0.8562091503267975,0,2,0,4,4,4,0,0,8.341581832999509,1678,5553,0.0023051000000000005
H1_text_low,development,es,1,1,1,0.9,0,0,0,1,0,0,1,1,7.229531042001327,431,1437,0.00059635
H1_text_low,development,fr,1,1,1,0.7000000000000001,0,0,0,1,0,0,1,1,15.543329874999472,437,2736,0.00111625
H1_text_low,development,ja,1,1,1,0.6956521739130435,0,0,0,1,1,1,0,0,9.350151209000614,467,1422,0.0005921500000000001
H1_text_low,development,pt-BR,1,1,1,0.7368421052631579,0,0,0,1,0,0,1,1,12.621734250002191,442,2097,0.0008609000000000002
H1_text_low,development,zh-Hans,4,4,4,0.7994071146245059,0,1,0,4,0,0,4,4,12.767097021001973,1835,8184,0.00336535
H1_text_low,evaluation,ALL,52,52,52,0.850254708946996,3,6,0,49,19,19,33,33,10.668770625499747,23188,100188,0.0412346
H1_text_low,evaluation,de,4,4,4,0.9295454545454546,0,1,0,4,1,1,3,3,8.304939812496741,1761,6945,0.00286605
H1_text_low,evaluation,en,16,16,16,0.8565531475748194,0,3,0,16,8,8,8,8,10.293679312497261,6812,30195,0.0124186
H1_text_low,evaluation,es,4,4,4,0.7792207792207793,0,0,0,4,2,2,2,2,6.629446021001058,1788,6505,0.0026914
H1_text_low,evaluation,fr,4,4,4,0.9272727272727272,0,0,0,4,3,3,1,1,7.402135207998072,1787,6035,0.00250335
H1_text_low,evaluation,ja,4,4,4,0.6428571428571429,1,1,0,3,1,1,3,3,11.284001208496193,1867,8425,0.00346335
H1_text_low,evaluation,pt-BR,4,4,4,0.8409090909090909,0,0,0,4,2,2,2,2,11.477109104002011,1825,8452,0.0034720500000000004
H1_text_low,evaluation,zh-Hans,16,16,16,0.8768233578016187,2,1,0,14,2,2,14,14,11.780636021001555,7348,33631,0.013819800000000002
H1_text_minimal,ALL,ALL,65,65,65,0.8446711800635612,3,4,1,61,50,50,15,13,1.5517110419968958,28912,7200,0.004325600000000001
H1_text_minimal,ALL,de,5,5,5,0.8688995215311005,0,1,0,5,4,4,1,1,1.4880793330012239,2195,545,0.00032775
H1_text_minimal,ALL,en,20,20,20,0.8688562091503268,0,0,0,20,18,18,2,2,1.4734914994987776,8490,1837,0.0011593
H1_text_minimal,ALL,es,5,5,5,0.8345454545454546,0,1,0,5,4,4,1,1,1.5890998340037186,2219,568,0.00033815
H1_text_minimal,ALL,fr,5,5,5,0.796883116883117,0,0,1,4,4,4,1,0,1.4681484579996322,2224,534,0.00032480000000000003
H1_text_minimal,ALL,ja,5,5,5,0.7022868435911914,1,0,0,4,4,4,1,1,1.5861534579962608,2334,679,0.00038830000000000006
H1_text_minimal,ALL,pt-BR,5,5,5,0.8200956937799043,0,0,0,5,4,4,1,1,1.696219999997993,2267,585,0.00034735
H1_text_minimal,ALL,zh-Hans,20,20,20,0.8706474684735555,2,2,0,18,12,12,8,7,1.5794634794983722,9183,2452,0.00143995
H1_text_minimal,development,ALL,13,13,13,0.780579708053123,0,1,0,13,12,12,1,0,1.5854670420012553,5724,1349,0.0008258
H1_text_minimal,development,de,1,1,1,0.5263157894736842,0,0,0,1,1,1,0,0,1.4508664589957334,434,103,6.290000000000001e-05
H1_text_minimal,development,en,4,4,4,0.8398692810457516,0,0,0,4,4,4,0,0,1.692198250500951,1678,354,0.0002255
H1_text_minimal,development,es,1,1,1,0.9,0,0,0,1,1,1,0,0,1.7346107909979764,431,99,6.115e-05
H1_text_minimal,development,fr,1,1,1,0.7000000000000001,0,0,0,1,1,1,0,0,1.5517110419968958,437,105,6.385000000000001e-05
H1_text_minimal,development,ja,1,1,1,0.7272727272727272,0,0,0,1,1,1,0,0,1.8174804999944172,467,139,7.895000000000001e-05
H1_text_minimal,development,pt-BR,1,1,1,0.7368421052631579,0,0,0,1,1,1,0,0,1.645603166994988,442,105,6.41e-05
H1_text_minimal,development,zh-Hans,4,4,4,0.7994071146245059,0,1,0,4,3,3,1,0,1.4430197914989549,1835,444,0.00026935
H1_text_minimal,evaluation,ALL,52,52,52,0.8606940480661709,3,3,1,48,38,38,14,13,1.519490541999403,23188,5851,0.0034998000000000004
H1_text_minimal,evaluation,de,4,4,4,0.9545454545454546,0,1,0,4,3,3,1,1,1.5318545619993529,1761,442,0.00026485
H1_text_minimal,evaluation,en,16,16,16,0.8761029411764706,0,0,0,16,14,14,2,2,1.436424249499396,6812,1483,0.0009338
H1_text_minimal,evaluation,es,4,4,4,0.8181818181818182,0,1,0,4,3,3,1,1,1.5167835419997573,1788,469,0.000277
H1_text_minimal,evaluation,fr,4,4,4,0.8211038961038961,0,0,1,3,3,3,1,0,1.3967450000018289,1787,429,0.00026095000000000003
H1_text_minimal,evaluation,ja,4,4,4,0.6960403726708074,1,0,0,3,3,3,1,1,1.5133239374990808,1867,540,0.00030935
H1_text_minimal,evaluation,pt-BR,4,4,4,0.8409090909090909,0,0,0,4,3,3,1,1,1.7989784999990661,1825,480,0.00028325
H1_text_minimal,evaluation,zh-Hans,16,16,16,0.8884575569358178,2,1,0,14,9,9,7,7,1.6382831669980078,7348,2008,0.0011706
R1_dp,ALL,ALL,65,65,65,0.8260129368246207,5,3,1,59,0,0,0,0,,0,0,0.0
R1_dp,ALL,de,5,5,5,0.8688995215311005,0,1,0,5,0,0,0,0,,0,0,0.0
R1_dp,ALL,en,20,20,20,0.8251117991056072,2,0,0,18,0,0,0,0,,0,0,0.0
R1_dp,ALL,es,5,5,5,0.8033766233766234,0,0,0,5,0,0,0,0,,0,0,0.0
R1_dp,ALL,fr,5,5,5,0.796883116883117,0,0,1,4,0,0,0,0,,0,0,0.0
R1_dp,ALL,ja,5,5,5,0.6771315640880858,1,0,0,4,0,0,0,0,,0,0,0.0
R1_dp,ALL,pt-BR,5,5,5,0.8200956937799043,0,0,0,5,0,0,0,0,,0,0,0.0
R1_dp,ALL,zh-Hans,20,20,20,0.8678336156597026,2,2,0,18,0,0,0,0,,0,0,0.0
R1_dp,development,ALL,13,13,13,0.7574525084553352,1,1,0,12,0,0,0,0,,0,0,0.0
R1_dp,development,de,1,1,1,0.5263157894736842,0,0,0,1,0,0,0,0,,0,0,0.0
R1_dp,development,en,4,4,4,0.7647058823529412,1,0,0,3,0,0,0,0,,0,0,0.0
R1_dp,development,es,1,1,1,0.9,0,0,0,1,0,0,0,0,,0,0,0.0
R1_dp,development,fr,1,1,1,0.7000000000000001,0,0,0,1,0,0,0,0,,0,0,0.0
R1_dp,development,ja,1,1,1,0.7272727272727272,0,0,0,1,0,0,0,0,,0,0,0.0
R1_dp,development,pt-BR,1,1,1,0.7368421052631579,0,0,0,1,0,0,0,0,,0,0,0.0
R1_dp,development,zh-Hans,4,4,4,0.7994071146245059,0,1,0,4,0,0,0,0,,0,0,0.0
R1_dp,evaluation,ALL,52,52,52,0.8431530439169421,4,2,1,47,0,0,0,0,,0,0,0.0
R1_dp,evaluation,de,4,4,4,0.9545454545454546,0,1,0,4,0,0,0,0,,0,0,0.0
R1_dp,evaluation,en,16,16,16,0.8402132782937737,1,0,0,15,0,0,0,0,,0,0,0.0
R1_dp,evaluation,es,4,4,4,0.7792207792207793,0,0,0,4,0,0,0,0,,0,0,0.0
R1_dp,evaluation,fr,4,4,4,0.8211038961038961,0,0,1,3,0,0,0,0,,0,0,0.0
R1_dp,evaluation,ja,4,4,4,0.6645962732919255,1,0,0,3,0,0,0,0,,0,0,0.0
R1_dp,evaluation,pt-BR,4,4,4,0.8409090909090909,0,0,0,4,0,0,0,0,,0,0,0.0
R1_dp,evaluation,zh-Hans,16,16,16,0.8849402409185018,2,1,0,14,0,0,0,0,,0,0,0.0
